<?xml version="1.0" encoding="UTF-8"?>
<persistence xmlns="http://java.sun.com/xml/ns/persistence" xmlns:xsi="http://www.w3.org/2001/XMLSchema-instance" xsi:schemaLocation="http://java.sun.com/xml/ns/persistence http://java.sun.com/xml/ns/persistence/persistence_2_0.xsd"
	version="2.0">
	<persistence-unit name="sm-unit">
	    <class>com.salesmanager.core.business.merchant.model.MerchantStore</class>
		<class>com.salesmanager.core.business.reference.country.model.Country</class>
		<class>com.salesmanager.core.business.reference.country.model.CountryDescription</class>
		<class>com.salesmanager.core.business.reference.zone.model.Zone</class>
		<class>com.salesmanager.core.business.reference.zone.model.ZoneDescription</class>
		<class>com.salesmanager.core.business.reference.language.model.Language</class>
		<class>com.salesmanager.core.business.reference.currency.model.Currency</class>
		<class>com.salesmanager.core.business.reference.geozone.model.GeoZone</class>
		<class>com.salesmanager.core.business.reference.geozone.model.GeoZoneDescription</class>
		
		
		<class>com.salesmanager.core.business.tax.model.taxclass.TaxClass</class>
		<class>com.salesmanager.core.business.tax.model.taxrate.TaxRate</class>
		<class>com.salesmanager.core.business.tax.model.taxrate.TaxRateDescription</class>
		<class>com.salesmanager.core.business.system.model.SystemConfiguration</class>
		<class>com.salesmanager.core.business.system.model.IntegrationModule</class>
		<class>com.salesmanager.core.business.system.model.MerchantConfiguration</class>
		<class>com.salesmanager.core.business.system.model.SystemNotification</class>
		<class>com.salesmanager.core.business.system.model.MerchantLog</class>
		
		<class>com.salesmanager.core.business.order.model.filehistory.FileHistory</class>
		<class>com.salesmanager.core.business.order.model.orderproduct.OrderProduct</class>
		<class>com.salesmanager.core.business.order.model.orderproduct.OrderProductAttribute</class>
		<class>com.salesmanager.core.business.order.model.orderproduct.OrderProductDownload</class>
		<class>com.salesmanager.core.business.order.model.orderproduct.OrderProductPrice</class>
		<class>com.salesmanager.core.business.order.model.orderstatus.OrderStatus</class>
		<class>com.salesmanager.core.business.order.model.orderstatus.OrderStatusHistory</class>
		<class>com.salesmanager.core.business.order.model.Order</class>
		<class>com.salesmanager.core.business.order.model.OrderTotal</class>
		
		<class>com.salesmanager.core.business.customer.model.Customer</class>
		<class>com.salesmanager.core.business.customer.model.attribute.CustomerAttribute</class>
		<class>com.salesmanager.core.business.customer.model.attribute.CustomerOption</class>
		<class>com.salesmanager.core.business.customer.model.attribute.CustomerOptionDescription</class>
		<class>com.salesmanager.core.business.customer.model.attribute.CustomerOptionValue</class>
		<class>com.salesmanager.core.business.customer.model.attribute.CustomerOptionSet</class>
		<class>com.salesmanager.core.business.customer.model.attribute.CustomerOptionValueDescription</class>
		
		<class>com.salesmanager.core.business.catalog.category.model.Category</class>
		<class>com.salesmanager.core.business.catalog.category.model.CategoryDescription</class>
			   
		<class>com.salesmanager.core.business.content.model.Content</class>
		<class>com.salesmanager.core.business.content.model.ContentDescription</class>
		
		<class>com.salesmanager.core.business.catalog.product.model.Product</class>
		<class>com.salesmanager.core.business.catalog.product.model.description.ProductDescription</class>
		<class>com.salesmanager.core.business.catalog.product.model.attribute.ProductAttribute</class>
		<class>com.salesmanager.core.business.catalog.product.model.attribute.ProductOption</class>
		<class>com.salesmanager.core.business.catalog.product.model.attribute.ProductOptionDescription</class>
		<class>com.salesmanager.core.business.catalog.product.model.attribute.ProductOptionValue</class>
		<class>com.salesmanager.core.business.catalog.product.model.attribute.ProductOptionValueDescription</class>
		
		<class>com.salesmanager.core.business.catalog.product.model.availability.ProductAvailability</class>
		<class>com.salesmanager.core.business.catalog.product.model.file.DigitalProduct</class>
		<class>com.salesmanager.core.business.catalog.product.model.image.ProductImage</class>
		<class>com.salesmanager.core.business.catalog.product.model.image.ProductImageDescription</class>
		<class>com.salesmanager.core.business.catalog.product.model.manufacturer.Manufacturer</class>
		<class>com.salesmanager.core.business.catalog.product.model.manufacturer.ManufacturerDescription</class>
		<class>com.salesmanager.core.business.catalog.product.model.price.ProductPrice</class>
		<class>com.salesmanager.core.business.catalog.product.model.price.ProductPriceDescription</class>
		
		<class>com.salesmanager.core.business.catalog.product.model.relationship.ProductRelationship</class>
		<class>com.salesmanager.core.business.catalog.product.model.review.ProductReview</class>
		<class>com.salesmanager.core.business.catalog.product.model.review.ProductReviewDescription</class>
		
		<class>com.salesmanager.core.business.catalog.product.model.type.ProductType</class>
		
		<class>com.salesmanager.core.business.user.model.User</class>
		<class>com.salesmanager.core.business.user.model.Group</class>
		<class>com.salesmanager.core.business.user.model.Permission</class>
		
		<class>com.salesmanager.core.business.shoppingcart.model.ShoppingCart</class>
		<class>com.salesmanager.core.business.shoppingcart.model.ShoppingCartAttributeItem</class>
		<class>com.salesmanager.core.business.shoppingcart.model.ShoppingCartItem</class>
		
		<class>com.salesmanager.core.business.payments.model.Transaction</class>
		<class>com.salesmanager.core.business.shipping.model.ShippingOrigin</class>
		
		
	</persistence-unit>
</persistence>
