<beans xmlns="http://www.springframework.org/schema/beans" xmlns:xsi="http://www.w3.org/2001/XMLSchema-instance" xmlns:p="http://www.springframework.org/schema/p" xmlns:aop="http://www.springframework.org/schema/aop"
	xmlns:context="http://www.springframework.org/schema/context" xmlns:jee="http://www.springframework.org/schema/jee" xmlns:tx="http://www.springframework.org/schema/tx" xmlns:task="http://www.springframework.org/schema/task"
	xmlns:util="http://www.springframework.org/schema/util"
	xsi:schemaLocation="
   http://www.springframework.org/schema/aop http://www.springframework.org/schema/aop/spring-aop-3.1.xsd
   http://www.springframework.org/schema/beans http://www.springframework.org/schema/beans/spring-beans-3.1.xsd
   http://www.springframework.org/schema/context http://www.springframework.org/schema/context/spring-context-3.1.xsd
   http://www.springframework.org/schema/jee http://www.springframework.org/schema/jee/spring-jee-3.1.xsd
   http://www.springframework.org/schema/tx http://www.springframework.org/schema/tx/spring-tx-3.1.xsd
   http://www.springframework.org/schema/task http://www.springframework.org/schema/task/spring-task-3.1.xsd
   http://www.springframework.org/schema/util http://www.springframework.org/schema/util/spring-util-3.1.xsd">

	
	

   	<bean id="coreConfiguration" class="com.salesmanager.core.utils.CoreConfiguration">
		<!-- in sm-shop -->
		<property name="properties" ref="shopizer-properties"/>
	</bean>
	
	<!-- JDBC User -->
	<bean id="userService" class="com.salesmanager.core.business.user.service.UserServiceImpl"/>
	
	
	<bean id="secretKey" class="java.lang.String">
  		<constructor-arg value="${secretKey}"/>
	</bean>
	
	<bean id="applicationContextListenerUtils" class="com.salesmanager.core.utils.ApplicationContextListenerUtils" />
	
	<!-- Get the secret key from JNDI -->
	<!--
	<jee:jndi-lookup id="secretKey"
		jndi-name="java:comp/env/secretKey" />	
	-->
</beans>