{
	"index": {
	   "analysis": {
	      "filter": {
	        "english_stop": {
	          "type":       "stop",
	          "stopwords":  "_english_" 
	        },
	        "english_stemmer": {
	          "type":       "stemmer",
	          "language":   "english"
	        },
	        "english_possessive_stemmer": {
	          "type":       "stemmer",
	          "language":   "possessive_english"
	        }
      	 },
	     "analyzer": {
	       "folding_en": {
	         "tokenizer": "standard",
	         "filter":  [ 
	         	"english_possessive_stemmer",
	         	"asciifolding",
            	"lowercase",
            	"english_stop",
            	"english_stemmer"
	          ]
	       }
	     }
	   }
      }
}